angelabc0251,
kchaouachi2,
captain_ink_,
manny.roy,
matutemp,
santino2861,
topota_34,
paulo.c.teixeira,
corinna.78,
carlaa_bermudez,
_carlosx88_,
corin151,
salientmusic8,
cyr_13,
mbc_hunta,
melvinoostdam94,
yogy_sahputrha69,
mikacci_254,
marco_schoettle,
johanludvigrask,
lore_sophi_miche_,
alteazanetta,
hanimaru222,
ess.diamond,
lafeeportugal,
vinimendes_,
karinenobre_,
freemodelhousing,
pesilat.mudaa201,
martinxlemeska,
alkash1818,
maggietiroljickain,
m88888888_s,
ftitawan,
serezha.svetlichnyj,
nour.dean,
saad_92_elqa,
x.janni,
mac_bydlak,
briax_10,
black_memories_offiziell,
purpleroommag,
paul.hmr,
simoneremelli,
mdzofficial,
marissa_mascia,
harryyyy88,
mr_thind123,
_dashveeranand,
dystopien,
arthur_lefbvr,
thiago_dantasto,
itsallaboutsasha,
ashraf6361,
focus_otica,
luudvigg,
omer_bislimi05,
modals_of__india,
poornimatripathi5370,
laurapicktell93,
plume_et_pompon_corte,
jerry_ulrich,
jessica_psilva,
luisajazbik,
pamedelpuerto,
rodrigosouzalima,
arleyramirez,
sanluzzi,
mpiva_oficial,
iambigka,
zeda_zzzz,
ot_basketball,
j0yce_7,
__kamil__k__,
aristotle_hebert,
andreeajoy18,
karolinaminor,
fabiohimself88,
rillmotherfuckash13,
kingboyeldelghetto,
kxng_em_phire,
lil4oreign,
rachel_xiaxinyi,
adamobrienphoto,
alric_vdp,
keeexxu,
prod.ethanmadeit,
jaedog0404,
sylvy__b,
warte_acab_69,
mel_indaaaaa,
nicol_agustina_amc,
mertkanbayram,
denizdornellas,
robertocertain,
mention_kuci,
g_vladov,
muh_frn10,
tales_gang,
andre_sparrow,
bo_1989,
yazeed_mohaamad,
frazer8587,
hey_moba,
wanalara,
sandyhandiniar,
iamluminous360,
theprateekbakshi,
s1mxn_m,
em.nz,
alexnightsofficial,
saad_zinne,
roxanne.pepin,
palomagagz,
sytseng01,
ijay_phlvi,
young_rusov_cj,
nickky_phiapheng,
imneiluj,
yatkrinwu,
kj581541,
benprinzler,
thenus_,
b.h.a.r.g.a.v.p.a.t.e.l,
mirkomontaruli,
xox.tinika.xox,
kingemanuele,
doelarue,
ammar.mvc,
andrebarbero,
a_m_j_o_h_n,
cami_selmi,
_hey_kayla_,
shirinusya,
dotze_t.b.gang,
alaa.ayesh.792,
gooddaylady_numb,
_its_a.s.h.u,
heilisss,
tequilagta,
re3elh,
arwa.fx400,
shewantscarlos,
matteo_vizzone__,
hypereme5,
kidryasov,
nazar55_,
_.i.leeya._,
uebguapo,
jamesm2002,
nadiahasyanah13,
j__ssica,
nourhene_bahri________________,
pooonieee,
_nastyabibik,
ivan18254,
martinbluecompany,
javielartista31,
jakob_070,
yungyen,
jirefey,
king_olafundz,
david.vogel,
ekeataj,
_bertramw,
camillacappellini,
kingkeasian,
fiasko,
tasfia__afreen,
slashmramg,
x___blade__,
robiiiiiiiiiiiiiiin,
atakayaaaa,
alexoxusanto_,
yassine_ofk,
ah02_____,
disco_diller,
r_rabazan_a,
_koliqi_,
andrew_patcharanu,
03ssua,
michael_ainga,
hypebeast_kenbu,
christian_1125_,
__tendo77__,
itzellymarlen,
p_a_r_i_n_jojoe,
sebastianyatrabrasil_,
henri._.p,
gemmy__05,
michaelvandamme_,
angel_ggp,
chloeakissner,
baniai_la,
_marcobelardinelli_,
sacchididenaro,
mattiapascalband,
moritz.hartmann14,
otticacapuano,
johnny_newtown1,
halympian,
orkuntoklucu,
j.u.l.i.a.n.c.a.b.r.e.r.a,
rbxtoriaa,
modop_haiti,
armuphiking,
anka_ept,
ste.mauri,
isadoraemerr,
n_u_m_a_a_n____shaikh,
nico_nikond75,
meioastyle,
jioogdok,
sdruahiphop,
sammad061904,
neknes_anek,
giovannigianfreda,
kingroderiqq,
bicardozo,
luis.bachert,
alim_brain,
its_ur_different_simar,
juliabscn,
basketbollzoom,
tragicallyperfect,
little_boy_blue_2_16,
n_busuioc,
ralf_noack_holzkunst,
kxnglolo.23,
_ur__worst__nightmare__,
hasan_reza_mitul,
marjory_group,
noisebusters_official,
akmodibe,
joabson_farley,
hugo_lecellier,
camillaugelli_,
shor.ty_r,
achrafbeggar,
xiaokai7_07,
f.pighi,
thuy_linhss,
canttellmenun,
micycleclarke,
sndalljenner,
galindo_mimi,
a_d_ll_h_m_j_d,
_santoslx_,
x.lillo,
fabrice.hug,
futur.city,
alfonso__ruotolo,
1freshscobar,
wassimtangerino,
moh_dalton,
cano_cano46,
olevishal,
oni_tha_senpai,
ilhamedrian,
alfahlroy,
mr.magii,
tulio.am,
thatahzinha_gomes,
arutaphoto,
igor.pol1k,
omar_58_38,
anamarijacelic,
jay.e___,
someblackguy360,
m.iven_ece5858,
laudia304,
mrtnv55,
superiorjapan,
vudogalpaulina,
nninka.w,
renaud_renaud_,
eminem.em.27,
omar_alhamdy9,
tati_slaviero,
eriickcarllos,
flyhiferrari,
yurilu10,
waomeow,
marshgood,
pedro_ruiz083,
28mb11,
mohamed_saad.00_00_00,
_dimassst,
goldcoastkidsinc,
_oo_pascal_oo_,
masonseabury,
ali_zadran_,
inigoalberts,
lexnxv,
bttlc,
mehdi_essalih,
_v_a_s_i_l_y_e_v,
antonella.cantarini,
ishitaa.nardi,
gloriagaione_,
aamwayys,
nguyen__hn,
kristal_111,
thats_ata,
alexis_mandalas,
yaipharembaningombam,
cunhaeurico_13,
amandahabicht,
mr.matteoricci.art,
deep.austin,
_ennkit_,
bashayyer_h,
lovelynudijr_,
baraa_bibars,
giselle_santana___,
aldousmoriarty,
daigual0,
nurquhart28,
luiz.thuler,
gd_simjuhung,
paul_smith007,
